t,Tpot K06_20230829102709,Tpot K06_20230829102634,Tpot K06_20230829102704,Tpot K06_20230829102716,Tpot K06_20230829102654,Tpot K06_20230829102647,Tpot K06_20230903164607,Tpot K06_20230903163517
0.0,1350.0,1350.0,1350.0,1350.0,1350.0,1350.0,1350.0,1350.0
0.01,1351.24,1351.5,1351.49,1351.0,1351.01,1351.25,1351.38,1351.14
0.02,1352.5,1353.01,1352.99,1352.01,1352.02,1352.51,1352.78,1352.29
0.03,1353.75,1354.52,1354.49,1353.02,1353.04,1353.78,1354.18,1353.44
0.04,1355.02,1356.05,1356.01,1354.03,1354.07,1355.06,1355.59,1354.6
0.05,1356.29,1357.58,1357.54,1355.05,1355.1,1356.34,1357.0,1355.76
0.06,1357.57,1359.13,1359.07,1356.08,1356.14,1357.63,1358.43,1356.93
0.07,1358.86,1360.68,1360.61,1357.11,1357.18,1358.93,1359.86,1358.11
0.08,1360.15,1362.24,1362.16,1358.14,1358.22,1360.23,1361.3,1359.29
0.09,1361.45,1363.81,1363.72,1359.18,1359.27,1361.54,1362.75,1360.48
0.1,1362.76,1365.38,1365.28,1360.23,1360.33,1362.86,1364.2,1361.68
0.11,1364.07,1366.96,1366.85,1361.27,1361.39,1364.18,1365.67,1362.88
0.12,1365.38,1368.55,1368.43,1362.33,1362.45,1365.5,1367.13,1364.08
0.13,1366.7,1370.15,1370.01,1363.38,1363.52,1366.84,1368.6,1365.29
0.14,1368.03,1371.75,1371.6,1364.44,1364.59,1368.17,1370.08,1366.5
0.15,1369.36,1373.36,1373.2,1365.51,1365.67,1369.52,1371.57,1367.72
0.16,1370.69,1374.97,1374.8,1366.58,1366.74,1370.86,1373.05,1368.94
0.17,1372.03,1376.59,1376.4,1367.65,1367.83,1372.21,1374.55,1370.17
0.18,1373.37,1378.21,1378.01,1368.72,1368.91,1373.57,1376.04,1371.4
0.19,1374.72,1379.84,1379.63,1369.8,1370.0,1374.93,1377.55,1372.63
0.2,1376.07,1381.47,1381.25,1370.88,1371.09,1376.29,1379.06,1373.87
0.21,1377.43,1383.11,1382.88,1371.96,1372.19,1377.66,1380.57,1375.11
0.22,1378.79,1384.76,1384.51,1373.04,1373.28,1379.03,1382.09,1376.35
0.23,1380.15,1386.41,1386.15,1374.13,1374.38,1380.41,1383.61,1377.6
0.24,1381.52,1388.06,1387.79,1375.22,1375.49,1381.79,1385.14,1378.85
0.25,1382.89,1389.72,1389.43,1376.31,1376.59,1383.17,1386.67,1380.1
0.26,1384.26,1391.38,1391.08,1377.41,1377.7,1384.56,1388.2,1381.36
0.27,1385.64,1393.04,1392.73,1378.5,1378.81,1385.95,1389.74,1382.62
0.28,1387.02,1394.7,1394.38,1379.6,1379.93,1387.34,1391.28,1383.89
0.29,1388.4,1396.37,1396.03,1380.71,1381.04,1388.74,1392.82,1385.15
0.3,1389.79,1398.04,1397.69,1381.81,1382.16,1390.14,1394.36,1386.42
0.31,1391.17,1399.71,1399.34,1382.92,1383.28,1391.54,1395.91,1387.69
0.32,1392.56,1401.38,1401.0,1384.03,1384.4,1392.94,1397.45,1388.97
0.33,1393.95,1403.05,1402.66,1385.14,1385.53,1394.34,1399.0,1390.24
0.34,1395.34,1404.72,1404.31,1386.25,1386.66,1395.74,1400.55,1391.52
0.35,1396.73,1406.39,1405.97,1387.36,1387.78,1397.15,1402.09,1392.8
0.36,1398.12,1408.07,1407.63,1388.48,1388.91,1398.56,1403.64,1394.07
0.37,1399.51,1409.74,1409.29,1389.59,1390.04,1399.96,1405.19,1395.35
0.38,1400.9,1411.42,1410.95,1390.71,1391.18,1401.37,1406.74,1396.63
0.39,1402.29,1413.09,1412.61,1391.83,1392.31,1402.77,1408.29,1397.91
0.4,1403.69,1414.77,1414.28,1392.95,1393.44,1404.18,1409.84,1399.19
0.41,1405.08,1416.45,1415.94,1394.06,1394.57,1405.58,1411.39,1400.47
0.42,1406.47,1418.12,1417.6,1395.18,1395.7,1406.99,1412.94,1401.75
0.43,1407.86,1419.8,1419.26,1396.3,1396.84,1408.4,1414.5,1403.03
0.44,1409.25,1421.48,1420.92,1397.41,1397.97,1409.8,1416.05,1404.31
0.45,1410.64,1423.15,1422.58,1398.53,1399.1,1411.21,1417.6,1405.58
0.46,1412.03,1424.83,1424.24,1399.65,1400.23,1412.62,1419.15,1406.86
0.47,1413.43,1426.5,1425.9,1400.76,1401.36,1414.02,1420.7,1408.14
0.48,1414.82,1428.17,1427.55,1401.88,1402.49,1415.43,1422.25,1409.42
0.49,1416.21,1429.84,1429.21,1402.99,1403.62,1416.83,1423.8,1410.7
0.5,1417.59,1431.51,1430.86,1404.1,1404.75,1418.24,1425.34,1411.97
0.51,1418.98,1433.17,1432.51,1405.21,1405.87,1419.64,1426.89,1413.25
0.52,1420.37,1434.83,1434.16,1406.32,1407.0,1421.05,1428.43,1414.52
0.53,1421.76,1436.5,1435.8,1407.43,1408.13,1422.45,1429.97,1415.8
0.54,1423.14,1438.16,1437.44,1408.54,1409.25,1423.85,1431.51,1417.07
0.55,1424.52,1439.81,1439.09,1409.65,1410.38,1425.25,1433.05,1418.35
0.56,1425.9,1441.47,1440.73,1410.76,1411.5,1426.64,1434.58,1419.62
0.57,1427.28,1443.13,1442.36,1411.86,1412.62,1428.04,1436.12,1420.89
0.58,1428.66,1444.78,1444.0,1412.97,1413.75,1429.43,1437.65,1422.16
0.59,1430.03,1446.43,1445.64,1414.07,1414.87,1430.82,1439.18,1423.42
0.6,1431.4,1448.08,1447.27,1415.18,1415.99,1432.21,1440.7,1424.69
0.61,1432.77,1449.73,1448.9,1416.28,1417.1,1433.59,1442.23,1425.95
0.62,1434.14,1451.37,1450.53,1417.38,1418.22,1434.97,1443.75,1427.21
0.63,1435.5,1453.02,1452.15,1418.48,1419.34,1436.36,1445.27,1428.47
0.64,1436.86,1454.66,1453.78,1419.57,1420.45,1437.73,1446.79,1429.73
0.65,1438.22,1456.3,1455.4,1420.67,1421.56,1439.11,1448.31,1430.98
0.66,1439.58,1457.94,1457.02,1421.76,1422.67,1440.49,1449.83,1432.24
0.67,1440.93,1459.58,1458.64,1422.85,1423.78,1441.86,1451.34,1433.48
0.68,1442.29,1461.21,1460.26,1423.94,1424.88,1443.23,1452.85,1434.73
0.69,1443.64,1462.84,1461.87,1425.03,1425.99,1444.6,1454.36,1435.97
0.7,1444.99,1464.48,1463.49,1426.11,1427.09,1445.96,1455.87,1437.22
0.71,1446.33,1466.1,1465.1,1427.19,1428.19,1447.33,1457.38,1438.46
0.72,1447.68,1467.73,1466.7,1428.27,1429.28,1448.69,1458.88,1439.69
0.73,1449.02,1469.36,1468.31,1429.34,1430.37,1450.05,1460.38,1440.93
0.74,1450.36,1470.98,1469.91,1430.42,1431.46,1451.41,1461.88,1442.16
0.75,1451.69,1472.6,1471.52,1431.49,1432.55,1452.76,1463.38,1443.39
0.76,1453.03,1474.22,1473.12,1432.55,1433.64,1454.11,1464.87,1444.62
0.77,1454.36,1475.84,1474.71,1433.62,1434.72,1455.46,1466.36,1445.84
0.78,1455.69,1477.45,1476.31,1434.68,1435.8,1456.81,1467.86,1447.07
0.79,1457.02,1479.07,1477.9,1435.74,1436.87,1458.16,1469.34,1448.29
0.8,1458.34,1480.68,1479.49,1436.79,1437.95,1459.5,1470.83,1449.5
0.81,1459.66,1482.28,1481.08,1437.85,1439.02,1460.84,1472.32,1450.72
0.82,1460.98,1483.89,1482.67,1438.9,1440.09,1462.18,1473.8,1451.93
0.83,1462.3,1485.5,1484.25,1439.94,1441.15,1463.52,1475.28,1453.14
0.84,1463.61,1487.1,1485.84,1440.99,1442.22,1464.85,1476.75,1454.35
0.85,1464.93,1488.7,1487.42,1442.03,1443.28,1466.18,1478.23,1455.56
0.86,1466.24,1490.3,1488.99,1443.07,1444.33,1467.51,1479.7,1456.76
0.87,1467.54,1491.89,1490.57,1444.11,1445.39,1468.84,1481.17,1457.96
0.88,1468.85,1493.48,1492.14,1445.14,1446.44,1470.17,1482.64,1459.16
0.89,1470.15,1495.08,1493.71,1446.17,1447.49,1471.49,1484.11,1460.35
0.9,1471.45,1496.67,1495.28,1447.2,1448.54,1472.81,1485.57,1461.55
0.91,1472.75,1498.25,1496.84,1448.22,1449.58,1474.12,1487.03,1462.74
0.92,1474.04,1499.84,1498.41,1449.25,1450.63,1475.44,1488.49,1463.93
0.93,1475.33,1501.42,1499.97,1450.27,1451.67,1476.75,1489.95,1465.11
0.94,1476.62,1503.0,1501.53,1451.28,1452.7,1478.06,1491.4,1466.29
0.95,1477.91,1504.58,1503.09,1452.3,1453.74,1479.37,1492.85,1467.47
0.96,1479.19,1506.15,1504.64,1453.31,1454.77,1480.67,1494.3,1468.65
0.97,1480.47,1507.73,1506.19,1454.32,1455.79,1481.98,1495.75,1469.83
0.98,1481.75,1509.3,1507.74,1455.32,1456.82,1483.28,1497.2,1471.0
0.99,1483.03,1510.87,1509.29,1456.32,1457.84,1484.57,1498.64,1472.17
1.0,1484.3,1512.44,1510.83,1457.32,1458.86,1485.87,1500.08,1473.33
1.01,1485.57,1514.0,1512.38,1458.32,1459.88,1487.16,1501.52,1474.5
1.02,1486.84,1515.57,1513.92,1459.31,1460.89,1488.45,1502.95,1475.66
1.03,1488.11,1517.13,1515.45,1460.3,1461.9,1489.73,1504.38,1476.82
1.04,1489.37,1518.68,1516.99,1461.29,1462.91,1491.02,1505.82,1477.97
1.05,1490.63,1520.24,1518.52,1462.27,1463.91,1492.3,1507.24,1479.13
1.06,1491.88,1521.79,1520.05,1463.25,1464.92,1493.58,1508.67,1480.28
1.07,1493.14,1523.35,1521.58,1464.23,1465.92,1494.85,1510.09,1481.42
1.08,1494.39,1524.9,1523.11,1465.21,1466.91,1496.13,1511.51,1482.57
1.09,1495.64,1526.44,1524.63,1466.18,1467.9,1497.4,1512.93,1483.71
1.1,1496.88,1527.99,1526.15,1467.15,1468.89,1498.67,1514.35,1484.85
1.11,1498.13,1529.53,1527.67,1468.11,1469.88,1499.93,1515.76,1485.98
1.12,1499.37,1531.07,1529.19,1469.08,1470.87,1501.2,1517.17,1487.12
1.13,1500.61,1532.61,1530.7,1470.04,1471.85,1502.46,1518.58,1488.25
1.14,1501.84,1534.14,1532.21,1470.99,1472.83,1503.71,1519.99,1489.38
1.15,1503.07,1535.68,1533.72,1471.95,1473.8,1504.97,1521.39,1490.5
1.16,1504.3,1537.21,1535.23,1472.9,1474.77,1506.22,1522.79,1491.62
1.17,1505.53,1538.74,1536.73,1473.85,1475.74,1507.47,1524.19,1492.74
1.18,1506.75,1540.27,1538.24,1474.79,1476.71,1508.72,1525.59,1493.86
1.19,1507.97,1541.79,1539.74,1475.73,1477.67,1509.96,1526.98,1494.97
1.2,1509.19,1543.31,1541.23,1476.67,1478.63,1511.21,1528.37,1496.08
1.21,1510.41,1544.83,1542.73,1477.6,1479.59,1512.44,1529.76,1497.19
1.22,1511.62,1546.35,1544.22,1478.53,1480.54,1513.68,1531.15,1498.29
1.23,1512.83,1547.87,1545.71,1479.46,1481.49,1514.91,1532.53,1499.39
1.24,1514.04,1549.38,1547.2,1480.39,1482.44,1516.14,1533.91,1500.49
1.25,1515.24,1550.9,1548.69,1481.31,1483.38,1517.37,1535.29,1501.59
1.26,1516.44,1552.41,1550.17,1482.22,1484.32,1518.6,1536.67,1502.68
1.27,1517.64,1553.91,1551.65,1483.14,1485.26,1519.82,1538.04,1503.77
1.28,1518.83,1555.42,1553.13,1484.05,1486.19,1521.04,1539.42,1504.86
1.29,1520.03,1556.92,1554.61,1484.96,1487.12,1522.26,1540.79,1505.94
1.3,1521.22,1558.42,1556.08,1485.86,1488.05,1523.47,1542.15,1507.02
1.31,1522.4,1559.92,1557.56,1486.76,1488.97,1524.68,1543.52,1508.1
1.32,1523.59,1561.42,1559.03,1487.66,1489.9,1525.89,1544.88,1509.17
1.33,1524.77,1562.91,1560.49,1488.56,1490.81,1527.1,1546.24,1510.24
1.34,1525.95,1564.41,1561.96,1489.45,1491.73,1528.3,1547.6,1511.31
1.35,1527.12,1565.9,1563.42,1490.34,1492.64,1529.5,1548.95,1512.38
1.36,1528.29,1567.38,1564.88,1491.22,1493.55,1530.7,1550.3,1513.44
1.37,1529.46,1568.87,1566.34,1492.1,1494.45,1531.89,1551.65,1514.5
1.38,1530.63,1570.35,1567.8,1492.98,1495.35,1533.09,1553.0,1515.56
1.39,1531.79,1571.84,1569.25,1493.85,1496.25,1534.27,1554.35,1516.61
1.4,1532.95,1573.31,1570.7,1494.72,1497.15,1535.46,1555.69,1517.66
1.41,1534.11,1574.79,1572.15,1495.59,1498.04,1536.64,1557.03,1518.71
1.42,1535.27,1576.27,1573.6,1496.46,1498.93,1537.83,1558.37,1519.75
1.43,1536.42,1577.74,1575.04,1497.32,1499.81,1539.0,1559.7,1520.8
1.44,1537.57,1579.21,1576.48,1498.17,1500.69,1540.18,1561.03,1521.83
1.45,1538.71,1580.68,1577.92,1499.03,1501.57,1541.35,1562.36,1522.87
1.46,1539.85,1582.15,1579.36,1499.88,1502.45,1542.52,1563.69,1523.9
1.47,1541.0,1583.61,1580.8,1500.72,1503.32,1543.69,1565.02,1524.93
1.48,1542.13,1585.07,1582.23,1501.57,1504.19,1544.85,1566.34,1525.96
1.49,1543.27,1586.53,1583.66,1502.41,1505.05,1546.01,1567.66,1526.98
1.5,1544.4,1587.99,1585.09,1503.24,1505.91,1547.17,1568.98,1528.0
1.51,1545.53,1589.45,1586.51,1504.08,1506.77,1548.33,1570.29,1529.01
1.52,1546.65,1590.9,1587.94,1504.91,1507.62,1549.48,1571.61,1530.03
1.53,1547.77,1592.35,1589.36,1505.73,1508.47,1550.63,1572.92,1531.04
1.54,1548.89,1593.8,1590.78,1506.55,1509.32,1551.78,1574.23,1532.04
1.55,1550.01,1595.25,1592.19,1507.37,1510.17,1552.92,1575.53,1533.05
1.56,1551.12,1596.69,1593.61,1508.19,1511.01,1554.07,1576.84,1534.05
1.57,1552.24,1598.14,1595.02,1509.0,1511.84,1555.2,1578.14,1535.05
1.58,1553.34,1599.58,1596.43,1509.81,1512.68,1556.34,1579.44,1536.04
1.59,1554.45,1601.02,1597.84,1510.61,1513.51,1557.47,1580.73,1537.03
1.6,1555.55,1602.45,1599.25,1511.41,1514.33,1558.6,1582.02,1538.02
1.61,1556.65,1603.89,1600.65,1512.21,1515.16,1559.73,1583.32,1539.0
1.62,1557.75,1605.32,1602.05,1513.0,1515.97,1560.86,1584.6,1539.99
1.63,1558.84,1606.75,1603.45,1513.79,1516.79,1561.98,1585.89,1540.96
1.64,1559.93,1608.18,1604.84,1514.58,1517.6,1563.1,1587.17,1541.94
1.65,1561.02,1609.6,1606.24,1515.36,1518.41,1564.21,1588.46,1542.91
1.66,1562.1,1611.03,1607.63,1516.14,1519.22,1565.33,1589.73,1543.88
1.67,1563.18,1612.45,1609.02,1516.91,1520.02,1566.44,1591.01,1544.85
1.68,1564.26,1613.87,1610.41,1517.68,1520.81,1567.54,1592.28,1545.81
1.69,1565.33,1615.29,1611.79,1518.45,1521.61,1568.65,1593.55,1546.77
1.7,1566.4,1616.7,1613.17,1519.21,1522.4,1569.75,1594.82,1547.72
1.71,1567.47,1618.12,1614.55,1519.97,1523.19,1570.85,1596.09,1548.68
1.72,1568.54,1619.53,1615.93,1520.73,1523.97,1571.95,1597.35,1549.63
1.73,1569.6,1620.94,1617.31,1521.48,1524.75,1573.04,1598.61,1550.57
1.74,1570.66,1622.35,1618.68,1522.23,1525.52,1574.13,1599.87,1551.52
1.75,1571.72,1623.75,1620.05,1522.97,1526.29,1575.22,1601.13,1552.46
1.76,1572.77,1625.15,1621.42,1523.71,1527.06,1576.3,1602.38,1553.39
1.77,1573.82,1626.56,1622.79,1524.45,1527.83,1577.38,1603.64,1554.32
1.78,1574.87,1627.96,1624.16,1525.18,1528.59,1578.46,1604.88,1555.25
1.79,1575.91,1629.35,1625.52,1525.91,1529.34,1579.54,1606.13,1556.18
1.8,1576.96,1630.75,1626.88,1526.64,1530.1,1580.61,1607.37,1557.1
1.81,1577.99,1632.14,1628.24,1527.36,1530.85,1581.68,1608.62,1558.02
1.82,1579.03,1633.53,1629.59,1528.08,1531.59,1582.74,1609.85,1558.94
1.83,1580.06,1634.92,1630.95,1528.79,1532.33,1583.81,1611.09,1559.85
1.84,1581.09,1636.31,1632.3,1529.5,1533.07,1584.87,1612.32,1560.76
1.85,1582.11,1637.7,1633.65,1530.2,1533.81,1585.93,1613.56,1561.67
1.86,1583.14,1639.08,1635.0,1530.91,1534.54,1586.98,1614.79,1562.57
1.87,1584.16,1640.46,1636.34,1531.6,1535.26,1588.03,1616.01,1563.47
1.88,1585.17,1641.84,1637.69,1532.3,1535.99,1589.08,1617.24,1564.37
1.89,1586.19,1643.22,1639.03,1532.99,1536.7,1590.13,1618.46,1565.26
1.9,1587.2,1644.6,1640.36,1533.67,1537.42,1591.17,1619.68,1566.15
1.91,1588.2,1645.97,1641.7,1534.35,1538.13,1592.21,1620.89,1567.04
1.92,1589.21,1647.34,1643.04,1535.03,1538.84,1593.25,1622.11,1567.92
1.93,1590.21,1648.71,1644.37,1535.71,1539.54,1594.28,1623.32,1568.8
1.94,1591.2,1650.08,1645.7,1536.37,1540.24,1595.31,1624.53,1569.68
1.95,1592.2,1651.45,1647.03,1537.04,1540.94,1596.34,1625.74,1570.55
1.96,1593.19,1652.81,1648.35,1537.7,1541.63,1597.36,1626.94,1571.42
1.97,1594.17,1654.17,1649.68,1538.36,1542.32,1598.39,1628.14,1572.28
1.98,1595.16,1655.53,1651.0,1539.01,1543.0,1599.4,1629.34,1573.14
1.99,1596.14,1656.89,1652.32,1539.66,1543.68,1600.42,1630.54,1574.0
2.0,1597.12,1658.25,1653.63,1540.31,1544.35,1601.43,1631.73,1574.86
2.01,1598.09,1659.6,1654.95,1540.95,1545.03,1602.44,1632.93,1575.71
2.02,1599.06,1660.96,1656.26,1541.58,1545.69,1603.45,1634.12,1576.56
2.03,1600.03,1662.31,1657.57,1542.22,1546.36,1604.45,1635.3,1577.4
2.04,1601.0,1663.66,1658.88,1542.84,1547.02,1605.45,1636.49,1578.24
2.05,1601.96,1665.0,1660.19,1543.47,1547.67,1606.45,1637.67,1579.08
2.06,1602.92,1666.35,1661.49,1544.09,1548.33,1607.44,1638.85,1579.91
2.07,1603.87,1667.69,1662.79,1544.7,1548.97,1608.43,1640.03,1580.74
2.08,1604.82,1669.03,1664.09,1545.32,1549.62,1609.42,1641.2,1581.57
2.09,1605.77,1670.37,1665.39,1545.92,1550.26,1610.41,1642.38,1582.39
2.1,1606.72,1671.71,1666.69,1546.53,1550.89,1611.39,1643.55,1583.21
2.11,1607.66,1673.05,1667.98,1547.12,1551.52,1612.37,1644.71,1584.03
2.12,1608.6,1674.38,1669.27,1547.72,1552.15,1613.34,1645.88,1584.84
2.13,1609.53,1675.71,1670.56,1548.31,1552.77,1614.31,1647.04,1585.65
2.14,1610.46,1677.04,1671.85,1548.9,1553.39,1615.28,1648.2,1586.46
2.15,1611.39,1678.37,1673.13,1549.48,1554.01,1616.25,1649.36,1587.26
2.16,1612.31,1679.7,1674.41,1550.05,1554.62,1617.21,1650.51,1588.05
2.17,1613.24,1681.02,1675.69,1550.63,1555.22,1618.17,1651.67,1588.85
2.18,1614.15,1682.34,1676.97,1551.19,1555.82,1619.13,1652.82,1589.64
2.19,1615.07,1683.66,1678.25,1551.76,1556.42,1620.08,1653.97,1590.43
2.2,1615.98,1684.98,1679.52,1552.32,1557.01,1621.03,1655.11,1591.21
2.21,1616.89,1686.3,1680.79,1552.87,1557.6,1621.98,1656.25,1591.99
2.22,1617.79,1687.62,1682.06,1553.42,1558.19,1622.92,1657.39,1592.76
2.23,1618.69,1688.93,1683.33,1553.97,1558.77,1623.86,1658.53,1593.53
2.24,1619.59,1690.24,1684.6,1554.51,1559.34,1624.8,1659.67,1594.3
2.25,1620.48,1691.55,1685.86,1555.05,1559.92,1625.74,1660.8,1595.07
2.26,1621.37,1692.86,1687.12,1555.58,1560.48,1626.67,1661.93,1595.83
2.27,1622.26,1694.16,1688.38,1556.11,1561.05,1627.6,1663.06,1596.58
2.28,1623.15,1695.47,1689.63,1556.63,1561.6,1628.52,1664.19,1597.34
2.29,1624.03,1696.77,1690.89,1557.15,1562.16,1629.44,1665.31,1598.09
2.3,1624.9,1698.07,1692.14,1557.66,1562.71,1630.36,1666.43,1598.83
2.31,1625.77,1699.37,1693.39,1558.17,1563.25,1631.28,1667.55,1599.57
2.32,1626.64,1700.66,1694.64,1558.67,1563.79,1632.19,1668.66,1600.31
2.33,1627.51,1701.96,1695.88,1559.17,1564.33,1633.1,1669.78,1601.04
2.34,1628.37,1703.25,1697.13,1559.67,1564.86,1634.0,1670.89,1601.77
2.35,1629.23,1704.54,1698.37,1560.16,1565.39,1634.91,1671.99,1602.5
2.36,1630.09,1705.83,1699.6,1560.64,1565.91,1635.8,1673.1,1603.22
2.37,1630.94,1707.12,1700.84,1561.12,1566.43,1636.7,1674.2,1603.94
2.38,1631.79,1708.4,1702.07,1561.6,1566.94,1637.59,1675.3,1604.65
2.39,1632.63,1709.69,1703.31,1562.07,1567.45,1638.48,1676.4,1605.36
2.4,1633.47,1710.97,1704.53,1562.53,1567.96,1639.37,1677.5,1606.07
2.41,1634.31,1712.25,1705.76,1562.99,1568.46,1640.25,1678.59,1606.77
2.42,1635.14,1713.53,1706.99,1563.45,1568.95,1641.13,1679.68,1607.47
2.43,1635.97,1714.8,1708.21,1563.9,1569.44,1642.0,1680.77,1608.16
2.44,1636.8,1716.07,1709.43,1564.35,1569.93,1642.88,1681.85,1608.85
2.45,1637.62,1717.35,1710.65,1564.79,1570.41,1643.75,1682.94,1609.54
2.46,1638.44,1718.62,1711.86,1565.23,1570.88,1644.61,1684.02,1610.22
2.47,1639.25,1719.88,1713.07,1565.66,1571.36,1645.47,1685.09,1610.9
2.48,1640.06,1721.15,1714.28,1566.08,1571.82,1646.33,1686.17,1611.57
2.49,1640.87,1722.41,1715.49,1566.5,1572.28,1647.19,1687.24,1612.24
2.5,1641.67,1723.68,1716.7,1566.92,1572.74,1648.04,1688.31,1612.91
2.51,1642.47,1724.94,1717.9,1567.33,1573.19,1648.89,1689.38,1613.57
2.52,1643.27,1726.2,1719.1,1567.74,1573.64,1649.73,1690.44,1614.23
2.53,1644.06,1727.45,1720.3,1568.14,1574.08,1650.58,1691.5,1614.88
2.54,1644.85,1728.71,1721.49,1568.53,1574.52,1651.41,1692.56,1615.53
2.55,1645.63,1729.96,1722.69,1568.92,1574.95,1652.25,1693.62,1616.17
2.56,1646.41,1731.21,1723.88,1569.3,1575.38,1653.08,1694.67,1616.81
2.57,1647.19,1732.46,1725.07,1569.68,1575.8,1653.91,1695.73,1617.45
2.58,1647.96,1733.71,1726.25,1570.06,1576.22,1654.73,1696.77,1618.08
2.59,1648.73,1734.96,1727.44,1570.43,1576.63,1655.55,1697.82,1618.71
2.6,1649.49,1736.2,1728.62,1570.79,1577.04,1656.37,1698.86,1619.33
2.61,1650.25,1737.44,1729.8,1571.15,1577.44,1657.19,1699.9,1619.95
2.62,1651.01,1738.68,1730.98,1571.5,1577.84,1658.0,1700.94,1620.57
2.63,1651.76,1739.92,1732.15,1571.85,1578.23,1658.8,1701.98,1621.18
2.64,1652.51,1741.16,1733.32,1572.19,1578.62,1659.61,1703.01,1621.79
2.65,1653.25,1742.39,1734.49,1572.52,1579.0,1660.41,1704.04,1622.39
2.66,1653.99,1743.62,1735.66,1572.85,1579.38,1661.2,1705.07,1622.99
2.67,1654.73,1744.85,1736.82,1573.18,1579.75,1662.0,1706.09,1623.58
2.68,1655.46,1746.08,1737.98,1573.5,1580.12,1662.78,1707.11,1624.17
2.69,1656.19,1747.31,1739.14,1573.81,1580.48,1663.57,1708.13,1624.76
2.7,1656.91,1748.53,1740.3,1574.12,1580.84,1664.35,1709.15,1625.34
2.71,1657.63,1749.75,1741.45,1574.42,1581.19,1665.13,1710.16,1625.91
2.72,1658.35,1750.97,1742.6,1574.72,1581.53,1665.9,1711.17,1626.48
2.73,1659.06,1752.19,1743.75,1575.01,1581.87,1666.68,1712.18,1627.05
2.74,1659.76,1753.41,1744.89,1575.29,1582.21,1667.44,1713.19,1627.61
2.75,1660.46,1754.62,1746.04,1575.57,1582.54,1668.21,1714.19,1628.17
2.76,1661.16,1755.83,1747.17,1575.84,1582.86,1668.97,1715.19,1628.73
2.77,1661.86,1757.04,1748.31,1576.11,1583.18,1669.72,1716.19,1629.27
2.78,1662.54,1758.25,1749.45,1576.37,1583.49,1670.47,1717.18,1629.82
2.79,1663.23,1759.46,1750.58,1576.62,1583.8,1671.22,1718.17,1630.36
2.8,1663.91,1760.66,1751.7,1576.87,1584.1,1671.97,1719.16,1630.89
2.81,1664.58,1761.86,1752.83,1577.12,1584.4,1672.71,1720.14,1631.42
2.82,1665.25,1763.06,1753.95,1577.35,1584.69,1673.44,1721.13,1631.95
2.83,1665.92,1764.26,1755.07,1577.58,1584.98,1674.18,1722.11,1632.47
2.84,1666.58,1765.45,1756.19,1577.81,1585.26,1674.91,1723.08,1632.99
2.85,1667.24,1766.64,1757.3,1578.02,1585.53,1675.63,1724.06,1633.5
2.86,1667.89,1767.83,1758.41,1578.24,1585.8,1676.35,1725.03,1634.01
2.87,1668.54,1769.02,1759.51,1578.44,1586.06,1677.07,1726.0,1634.51
2.88,1669.18,1770.21,1760.62,1578.64,1586.32,1677.79,1726.96,1635.01
2.89,1669.82,1771.39,1761.72,1578.83,1586.57,1678.5,1727.93,1635.5
2.9,1670.45,1772.58,1762.82,1579.02,1586.82,1679.2,1728.89,1635.99
2.91,1671.08,1773.76,1763.91,1579.2,1587.06,1679.9,1729.84,1636.47
2.92,1671.7,1774.94,1765.0,1579.37,1587.29,1680.6,1730.8,1636.95
2.93,1672.32,1776.11,1766.09,1579.54,1587.52,1681.3,1731.75,1637.42
2.94,1672.94,1777.29,1767.17,1579.7,1587.74,1681.99,1732.7,1637.89
2.95,1673.55,1778.46,1768.25,1579.85,1587.96,1682.67,1733.64,1638.35
2.96,1674.15,1779.63,1769.33,1580.0,1588.17,1683.35,1734.59,1638.81
2.97,1674.75,1780.8,1770.4,1580.14,1588.37,1684.03,1735.53,1639.26
2.98,1675.34,1781.97,1771.48,1580.27,1588.57,1684.71,1736.46,1639.71
2.99,1675.93,1783.13,1772.54,1580.4,1588.76,1685.38,1737.4,1640.16
3.0,1676.51,1784.3,1773.61,1580.52,1588.95,1686.04,1738.33,1640.59
3.01,1677.09,1785.46,1774.67,1580.63,1589.13,1686.7,1739.25,1641.03
3.02,1677.67,1786.61,1775.73,1580.74,1589.3,1687.36,1740.18,1641.46
3.03,1678.23,1787.77,1776.78,1580.84,1589.47,1688.01,1741.1,1641.88
3.04,1678.8,1788.93,1777.83,1580.93,1589.63,1688.66,1742.02,1642.3
3.05,1679.35,1790.08,1778.88,1581.01,1589.79,1689.31,1742.93,1642.71
3.06,1679.9,1791.23,1779.92,1581.09,1589.93,1689.95,1743.85,1643.12
3.07,1680.45,1792.38,1780.96,1581.16,1590.08,1690.58,1744.75,1643.52
3.08,1680.99,1793.52,1782.0,1581.22,1590.21,1691.22,1745.66,1643.92
3.09,1681.53,1794.67,1783.03,1581.28,1590.34,1691.84,1746.56,1644.31
3.1,1682.06,1795.81,1784.06,1581.33,1590.47,1692.47,1747.46,1644.69
3.11,1682.58,1796.95,1785.09,1581.37,1590.58,1693.09,1748.36,1645.07
3.12,1683.1,1798.09,1786.11,1581.4,1590.7,1693.7,1749.25,1645.45
3.13,1683.61,1799.22,1787.13,1581.43,1590.8,1694.31,1750.14,1645.82
3.14,1684.12,1800.36,1788.14,1581.44,1590.9,1694.92,1751.03,1646.19
3.15,1684.62,1801.49,1789.15,1581.45,1590.99,1695.52,1751.91,1646.55
3.16,1685.11,1802.62,1790.16,1581.46,1591.07,1696.12,1752.79,1646.9
3.17,1685.6,1803.75,1791.16,1581.45,1591.15,1696.71,1753.66,1647.25
3.18,1686.08,1804.87,1792.16,1581.44,1591.22,1697.3,1754.54,1647.59
3.19,1686.56,1805.99,1793.15,1581.41,1591.29,1697.88,1755.41,1647.93
3.2,1687.03,1807.11,1794.14,1581.38,1591.34,1698.46,1756.27,1648.26
3.21,1687.49,1808.23,1795.12,1581.35,1591.39,1699.04,1757.14,1648.59
3.22,1687.95,1809.35,1796.1,1581.3,1591.44,1699.61,1757.99,1648.91
3.23,1688.4,1810.46,1797.08,1581.25,1591.48,1700.17,1758.85,1649.22
3.24,1688.84,1811.58,1798.05,1581.18,1591.51,1700.73,1759.7,1649.53
3.25,1689.28,1812.69,1799.02,1581.11,1591.53,1701.29,1760.55,1649.83
3.26,1689.71,1813.79,1799.98,1581.03,1591.55,1701.84,1761.4,1650.13
3.27,1690.14,1814.9,1800.94,1580.95,1591.56,1702.39,1762.24,1650.42
3.28,1690.55,1816.0,1801.89,1580.85,1591.56,1702.93,1763.08,1650.71
3.29,1690.96,1817.1,1802.84,1580.74,1591.55,1703.47,1763.91,1650.99
3.3,1691.37,1818.2,1803.78,1580.63,1591.54,1704.0,1764.74,1651.26
3.31,1691.77,1819.3,1804.72,1580.51,1591.52,1704.53,1765.57,1651.53
3.32,1692.15,1820.39,1805.65,1580.38,1591.5,1705.05,1766.4,1651.79
3.33,1692.54,1821.49,1806.58,1580.23,1591.46,1705.57,1767.22,1652.05
3.34,1692.91,1822.58,1807.5,1580.08,1591.42,1706.08,1768.04,1652.3
3.35,1693.28,1823.66,1808.41,1579.93,1591.37,1706.59,1768.85,1652.54
3.36,1693.64,1824.75,1809.32,1579.76,1591.32,1707.09,1769.66,1652.78
3.37,1693.99,1825.83,1810.23,1579.58,1591.26,1707.59,1770.47,1653.02
3.38,1694.34,1826.91,1811.13,1579.39,1591.19,1708.09,1771.27,1653.24
3.39,1694.68,1827.99,1812.02,1579.19,1591.11,1708.57,1772.07,1653.46
3.4,1695.01,1829.07,1812.91,1578.99,1591.02,1709.06,1772.87,1653.67
3.41,1695.33,1830.14,1813.79,1578.77,1590.93,1709.54,1773.66,1653.88
3.42,1695.64,1831.21,1814.67,1578.54,1590.83,1710.01,1774.45,1654.08
3.43,1695.94,1832.28,1815.54,1578.31,1590.72,1710.48,1775.23,1654.28
3.44,1696.24,1833.35,1816.4,1578.06,1590.6,1710.94,1776.02,1654.47
3.45,1696.53,1834.41,1817.25,1577.8,1590.48,1711.4,1776.79,1654.65
3.46,1696.81,1835.48,1818.1,1577.53,1590.35,1711.85,1777.57,1654.82
3.47,1697.08,1836.53,1818.95,1577.26,1590.21,1712.3,1778.34,1654.99
3.48,1697.34,1837.59,1819.78,1576.97,1590.06,1712.74,1779.11,1655.15
3.49,1697.59,1838.65,1820.61,1576.67,1589.91,1713.18,1779.87,1655.31
3.5,1697.84,1839.7,1821.43,1576.36,1589.74,1713.61,1780.63,1655.46
3.51,1698.07,1840.75,1822.24,1576.03,1589.57,1714.04,1781.39,1655.6
3.52,1698.3,1841.8,1823.05,1575.7,1589.39,1714.46,1782.14,1655.74
3.53,1698.51,1842.84,1823.85,1575.36,1589.21,1714.88,1782.89,1655.87
3.54,1698.72,1843.89,1824.64,1575.0,1589.01,1715.29,1783.63,1655.99
3.55,1698.91,1844.93,1825.42,1574.63,1588.81,1715.69,1784.37,1656.11
3.56,1699.1,1845.96,1826.19,1574.25,1588.59,1716.09,1785.11,1656.21
3.57,1699.27,1847.0,1826.95,1573.86,1588.37,1716.49,1785.84,1656.32
3.58,1699.43,1848.03,1827.71,1573.46,1588.14,1716.87,1786.57,1656.41
3.59,1699.59,1849.06,1828.46,1573.04,1587.91,1717.26,1787.3,1656.5
3.6,1699.73,1850.09,1829.19,1572.62,1587.66,1717.63,1788.02,1656.58
3.61,1699.86,1851.12,1829.92,1572.18,1587.41,1718.01,1788.74,1656.66
3.62,1699.98,1852.14,1830.64,1571.72,1587.14,1718.37,1789.45,1656.72
3.63,1700.09,1853.16,1831.35,1571.25,1586.87,1718.73,1790.16,1656.78
3.64,1700.18,1854.18,1832.04,1570.77,1586.59,1719.09,1790.86,1656.84
3.65,1700.27,1855.2,1832.73,1570.28,1586.3,1719.44,1791.56,1656.88
3.66,1700.34,1856.21,1833.4,1569.77,1586.01,1719.78,1792.26,1656.92
3.67,1700.4,1857.22,1834.07,1569.25,1585.7,1720.12,1792.96,1656.95
3.68,1700.44,1858.23,1834.72,1568.72,1585.38,1720.45,1793.64,1656.98
3.69,1700.48,1859.23,1835.36,1568.17,1585.06,1720.77,1794.33,1656.99
3.7,1700.5,1860.23,1835.99,1567.6,1584.73,1721.09,1795.01,1657.0
3.71,1700.5,1861.23,1836.6,1567.02,1584.38,1721.41,1795.69,1657.0
3.72,1700.49,1862.23,1837.21,1566.43,1584.03,1721.72,1796.36,1657.0
3.73,1700.47,1863.23,1837.8,1565.82,1583.67,1722.02,1797.03,1656.98
3.74,1700.43,1864.22,1838.37,1565.19,1583.3,1722.31,1797.69,1656.96
3.75,1700.38,1865.21,1838.93,1564.55,1582.92,1722.6,1798.35,1656.94
3.76,1700.31,1866.2,1839.48,1563.89,1582.54,1722.89,1799.01,1656.9
3.77,1700.22,1867.18,1840.01,1563.22,1582.14,1723.16,1799.66,1656.86
3.78,1700.12,1868.16,1840.52,1562.53,1581.73,1723.44,1800.3,1656.8
3.79,1700.01,1869.14,1841.02,1561.82,1581.31,1723.7,1800.94,1656.74
3.8,1699.87,1870.12,1841.5,1561.09,1580.89,1723.96,1801.58,1656.68
3.81,1699.72,1871.09,1841.96,1560.35,1580.45,1724.21,1802.22,1656.6
3.82,1699.54,1872.06,1842.41,1559.58,1580.01,1724.46,1802.84,1656.52
3.83,1699.35,1873.03,1842.84,1558.8,1579.55,1724.7,1803.47,1656.43
3.84,1699.14,1873.99,1843.24,1558.0,1579.09,1724.93,1804.09,1656.33
3.85,1698.91,1874.95,1843.63,1557.18,1578.61,1725.16,1804.7,1656.22
3.86,1698.66,1875.91,1844.0,1556.34,1578.12,1725.38,1805.32,1656.1
3.87,1698.39,1876.87,1844.34,1555.48,1577.63,1725.59,1805.92,1655.98
3.88,1698.1,1877.82,1844.66,1554.59,1577.12,1725.8,1806.52,1655.85
3.89,1697.78,1878.77,1844.96,1553.69,1576.61,1726.0,1807.12,1655.71
3.9,1697.44,1879.72,1845.23,1552.76,1576.08,1726.19,1807.71,1655.56
3.91,1697.08,1880.67,1845.48,1551.81,1575.55,1726.38,1808.3,1655.4
3.92,1696.69,1881.61,1845.7,1550.84,1575.0,1726.56,1808.88,1655.24
3.93,1696.28,1882.55,1845.9,1549.84,1574.45,1726.73,1809.46,1655.06
3.94,1695.84,1883.49,1846.06,1548.82,1573.88,1726.9,1810.04,1654.88
3.95,1695.37,1884.42,1846.2,1547.77,1573.3,1727.06,1810.61,1654.69
3.96,1694.88,1885.35,1846.31,1546.7,1572.71,1727.21,1811.17,1654.49
3.97,1694.35,1886.28,1846.38,1545.59,1572.12,1727.36,1811.73,1654.28
3.98,1693.79,1887.2,1846.42,1544.46,1571.51,1727.5,1812.28,1654.06
3.99,1693.21,1888.13,1846.42,1543.31,1570.89,1727.63,1812.83,1653.84
4.0,1692.59,1889.04,1846.39,1542.12,1570.26,1727.76,1813.38,1653.6
4.01,1691.93,1889.96,1846.32,1540.9,1569.61,1727.87,1813.92,1653.36
4.02,1691.24,1890.87,1846.21,1539.65,1568.96,1727.98,1814.45,1653.1
4.03,1690.51,1891.78,1846.06,1538.37,1568.3,1728.09,1814.98,1652.84
4.04,1689.75,1892.69,1845.86,1537.05,1567.62,1728.18,1815.5,1652.57
4.05,1688.94,1893.59,1845.62,1535.7,1566.94,1728.27,1816.02,1652.29
4.06,1688.09,1894.49,1845.32,1534.32,1566.24,1728.35,1816.54,1652.0
4.07,1687.2,1895.39,1844.98,1532.89,1565.53,1728.43,1817.05,1651.7
4.08,1686.26,1896.29,1844.59,1531.43,1564.81,1728.49,1817.55,1651.39
4.09,1685.28,1897.18,1844.14,1529.93,1564.08,1728.55,1818.05,1651.07
4.1,1684.25,1898.06,1843.63,1528.38,1563.33,1728.6,1818.54,1650.74
4.11,1683.16,1898.95,1843.06,1526.8,1562.58,1728.65,1819.03,1650.4
4.12,1682.02,1899.83,1842.42,1525.16,1561.81,1728.68,1819.51,1650.06
4.13,1680.82,1900.71,1841.72,1523.48,1561.03,1728.71,1819.99,1649.7
4.14,1679.57,1901.59,1840.94,1521.75,1560.24,1728.73,1820.46,1649.33
4.15,1678.25,1902.46,1840.09,1519.98,1559.44,1728.75,1820.93,1648.96
4.16,1676.87,1903.33,1839.16,1518.14,1558.63,1728.75,1821.39,1648.57
4.17,1675.41,1904.19,1838.15,1516.26,1557.8,1728.75,1821.85,1648.18
4.18,1673.89,1905.05,1837.05,1514.31,1556.96,1728.74,1822.3,1647.77
4.19,1672.29,1905.91,1835.85,1512.3,1556.11,1728.72,1822.74,1647.35
4.2,1670.61,1906.77,1834.56,1510.24,1555.24,1728.69,1823.18,1646.93
4.21,1668.84,1907.62,1833.16,1508.1,1554.37,1728.66,1823.62,1646.49
4.22,1666.99,1908.47,1831.65,1505.89,1553.48,1728.61,1824.05,1646.04
4.23,1665.04,1909.32,1830.03,1503.62,1552.58,1728.56,1824.47,1645.59
4.24,1663.0,1910.16,1828.28,1501.26,1551.66,1728.5,1824.89,1645.12
4.25,1660.85,1911.0,1826.41,1498.83,1550.74,1728.43,1825.3,1644.64
4.26,1658.6,1911.83,1824.39,1496.31,1549.8,1728.36,1825.7,1644.15
4.27,1656.22,1912.66,1822.23,1493.7,1548.85,1728.27,1826.1,1643.65
4.28,1653.73,1913.49,1819.91,1491.0,1547.88,1728.18,1826.49,1643.14
4.29,1651.1,1914.32,1817.42,1488.2,1546.9,1728.08,1826.88,1642.62
4.3,1648.34,1915.14,1814.76,1485.29,1545.91,1727.97,1827.26,1642.09
4.31,1645.43,1915.96,1811.92,1482.28,1544.9,1727.85,1827.64,1641.55
4.32,1642.36,1916.77,1808.87,1479.15,1543.88,1727.72,1828.01,1640.99
4.33,1639.14,1917.58,1805.61,1475.89,1542.85,1727.58,1828.37,1640.43
4.34,1635.74,1918.39,1802.13,1472.51,1541.81,1727.44,1828.73,1639.85
4.35,1632.15,1919.19,1798.41,1468.98,1540.75,1727.28,1829.08,1639.27
4.36,1628.36,1919.99,1794.43,1465.31,1539.67,1727.12,1829.43,1638.67
4.37,1624.37,1920.79,1790.18,1461.49,1538.58,1726.95,1829.77,1638.06
4.38,1620.15,1921.58,1785.63,1457.5,1537.48,1726.76,1830.1,1637.44
4.39,1615.7,1922.37,1780.78,1453.33,1536.37,1726.57,1830.43,1636.8
4.4,1610.99,1923.16,1775.59,1448.98,1535.24,1726.37,1830.75,1636.16
4.41,1606.02,1923.94,1770.06,1444.43,1534.09,1726.16,1831.06,1635.5
4.42,1600.75,1924.72,1764.14,1439.67,1532.94,1725.94,1831.37,1634.84
4.43,1595.18,1925.49,1757.81,1434.68,1531.76,1725.72,1831.67,1634.16
4.44,1589.27,1926.26,1751.06,1429.45,1530.58,1725.48,1831.97,1633.47
4.45,1583.02,1927.03,1743.84,1423.96,1529.37,1725.23,1832.25,1632.76
4.46,1576.39,1927.79,1736.13,1418.2,1528.16,1724.98,1832.54,1632.05
4.47,1569.36,1928.55,1727.89,1412.14,1526.92,1724.71,1832.81,1631.32
4.48,1561.9,1929.3,1719.09,1405.76,1525.68,1724.43,1833.08,1630.58
4.49,1553.98,1930.05,1709.68,1399.04,1524.42,1724.15,1833.34,1629.83
